"EMPLOYEE_STATUS_KEY","ORGANIZATION_CODE","ORGANIZATION_CODE_DESC","EMPLOYEE_STATUS_CODE","EMPLOYEE_STATUS_CODE_DESC","EMPLOYEE_TERM_REASON_CODE","EMPLOYEE_TERM_REASON_DESC"
353,"CIPD","City Employee PD","P2","Passed on Part Time","16","RETIREMENT"
354,"CIPD","City Employee PD"," 1","Full Time","16","RETIREMENT"
355,"CIPD","City Employee PD","N1","Inactive Full Time","16","RETIREMENT"
356,"CIPD","City Employee PD"," 2","Part Time","17","DEATH"
357,"CIPD","City Employee PD","T1","Terminated Full Time","17","DEATH"
358,"CIPD","City Employee PD","T3","Terminated Temporary","17","DEATH"
359,"CIPD","City Employee PD","P1","Passed on Full Time","17","DEATH"
360,"CIPD","City Employee PD"," 3","Temporary","17","DEATH"
361,"CIPD","City Employee PD","T2","Terminated Part Time","17","DEATH"
362,"CIPD","City Employee PD","P2","Passed on Part Time","17","DEATH"
363,"CIPD","City Employee PD"," 1","Full Time","17","DEATH"
364,"CIPD","City Employee PD","N1","Inactive Full Time","17","DEATH"
365,"CIPD","City Employee PD"," 2","Part Time","18","OTHER"
366,"CIPD","City Employee PD","T1","Terminated Full Time","18","OTHER"
367,"CIPD","City Employee PD","T3","Terminated Temporary","18","OTHER"
368,"CIPD","City Employee PD","P1","Passed on Full Time","18","OTHER"
369,"CIPD","City Employee PD"," 3","Temporary","18","OTHER"
370,"CIPD","City Employee PD","T2","Terminated Part Time","18","OTHER"
371,"CIPD","City Employee PD","P2","Passed on Part Time","18","OTHER"
372,"CIPD","City Employee PD"," 1","Full Time","18","OTHER"
373,"CIPD","City Employee PD","N1","Inactive Full Time","18","OTHER"
374,"CIPD","City Employee PD"," 2","Part Time","10","RESIGNATION"
375,"CIPD","City Employee PD","T1","Terminated Full Time","10","RESIGNATION"
376,"CIPD","City Employee PD","T3","Terminated Temporary","10","RESIGNATION"
377,"CIPD","City Employee PD","P1","Passed on Full Time","10","RESIGNATION"
378,"CIPD","City Employee PD"," 3","Temporary","10","RESIGNATION"
379,"CIPD","City Employee PD","T2","Terminated Part Time","10","RESIGNATION"
380,"CIPD","City Employee PD","P2","Passed on Part Time","10","RESIGNATION"
381,"CIPD","City Employee PD"," 1","Full Time","10","RESIGNATION"
382,"CIPD","City Employee PD","N1","Inactive Full Time","10","RESIGNATION"
383,"CIPD","City Employee PD","T3","Terminated Temporary","13","UNSATISFACTORY SVC"
384,"CIPD","City Employee PD","P1","Passed on Full Time","13","UNSATISFACTORY SVC"
385,"CIPD","City Employee PD"," 3","Temporary","13","UNSATISFACTORY SVC"
386,"CIPD","City Employee PD","T2","Terminated Part Time","13","UNSATISFACTORY SVC"
387,"CIPD","City Employee PD","P2","Passed on Part Time","13","UNSATISFACTORY SVC"
388,"CIPD","City Employee PD"," 1","Full Time","13","UNSATISFACTORY SVC"
389,"CIPD","City Employee PD","N1","Inactive Full Time","13","UNSATISFACTORY SVC"
390,"CIPD","City Employee PD"," 2","Part Time","15","DISABILITY"
391,"CIPD","City Employee PD","T1","Terminated Full Time","15","DISABILITY"
392,"CIPD","City Employee PD","T3","Terminated Temporary","15","DISABILITY"
317,"CITY","City Employee","T2","Terminated Part Time","16","RETIREMENT"
318,"CITY","City Employee","P2","Passed on Part Time","16","RETIREMENT"
319,"EMSA","Emergency Medical Services Authority"," 3","Temporary","16","RETIREMENT"
320,"RERF","Refund from Pension","N1","Inactive Full Time","16","RETIREMENT"
321,"RVPK","River Parks"," 3","Temporary","16","RETIREMENT"
322,"TERM","Terminated","P1","Passed on Full Time","16","RETIREMENT"
323,"CITY","City Employee"," 1","Full Time","16","RETIREMENT"
324,"CITY","City Employee","N1","Inactive Full Time","16","RETIREMENT"
325,"COBR","Cobra","T1","Terminated Full Time","16","RETIREMENT"
326,"EMSA","Emergency Medical Services Authority","T1","Terminated Full Time","16","RETIREMENT"
327,"RETR","Retired","T2","Terminated Part Time","16","RETIREMENT"
328,"NOEP","Non-Employee","N1","Inactive Full Time","16","RETIREMENT"
329,"RETR","Retired","N1","Inactive Full Time","16","RETIREMENT"
330,"RVPK","River Parks","T3","Terminated Temporary","16","RETIREMENT"
331,"RETR","Retired","T1","Terminated Full Time","17","DEATH"
332,"RETR","Retired"," 1","Full Time","17","DEATH"
333,"RVPK","River Parks"," 1","Full Time","17","DEATH"
334,"RVPK","River Parks"," 2","Part Time","17","DEATH"
335,"TERM","Terminated","T3","Terminated Temporary","17","DEATH"
336,"CITY","City Employee"," 2","Part Time","17","DEATH"
337,"CITY","City Employee","T1","Terminated Full Time","17","DEATH"
338,"INCG","Indian Nation Council of Governments"," 3","Temporary","17","DEATH"
339,"RERF","Refund from Pension","T1","Terminated Full Time","17","DEATH"
340,"TERM","Terminated","T1","Terminated Full Time","17","DEATH"
341,"NOEP","Non-Employee","T1","Terminated Full Time","17","DEATH"
342,"EMSA","Emergency Medical Services Authority"," 1","Full Time","17","DEATH"
343,"RERF","Refund from Pension","P1","Passed on Full Time","17","DEATH"
344,"TERM","Terminated","P3","Passed on Temporary","17","DEATH"
345,"CITY","City Employee","T3","Terminated Temporary","17","DEATH"
346,"INCG","Indian Nation Council of Governments"," 1","Full Time","17","DEATH"
347,"INCG","Indian Nation Council of Governments","T1","Terminated Full Time","17","DEATH"
348,"RETR","Retired","N2","Inactive Part Time","17","DEATH"
349,"TERM","Terminated","T2","Terminated Part Time","17","DEATH"
350,"TERM","Terminated","P2","Passed on Part Time","17","DEATH"
351,"TERM","Terminated","N1","Inactive Full Time","17","DEATH"
352,"CIPD","City Employee PD","T2","Terminated Part Time","16","RETIREMENT"
393,"CIPD","City Employee PD"," 2","Part Time","11","LAY-OFF"
394,"CIPD","City Employee PD","T1","Terminated Full Time","11","LAY-OFF"
395,"CIPD","City Employee PD"," 2","Part Time","",""
396,"CIPD","City Employee PD","T1","Terminated Full Time","",""
397,"CIPD","City Employee PD","T3","Terminated Temporary","",""
40,"CITY","City Employee","P1","Passed on Full Time","17","DEATH"
41,"NOEP","Non-Employee","P1","Passed on Full Time","17","DEATH"
42,"RETR","Retired","P1","Passed on Full Time","17","DEATH"
43,"CITY","City Employee"," 3","Temporary","17","DEATH"
44,"CITY","City Employee","T2","Terminated Part Time","17","DEATH"
45,"CITY","City Employee","P2","Passed on Part Time","17","DEATH"
46,"EMSA","Emergency Medical Services Authority"," 3","Temporary","17","DEATH"
47,"RERF","Refund from Pension","N1","Inactive Full Time","17","DEATH"
48,"RVPK","River Parks"," 3","Temporary","17","DEATH"
49,"TERM","Terminated","P1","Passed on Full Time","17","DEATH"
50,"CITY","City Employee"," 1","Full Time","17","DEATH"
51,"CITY","City Employee","N1","Inactive Full Time","17","DEATH"
52,"COBR","Cobra","T1","Terminated Full Time","17","DEATH"
53,"EMSA","Emergency Medical Services Authority","T1","Terminated Full Time","17","DEATH"
54,"RETR","Retired","T2","Terminated Part Time","17","DEATH"
55,"NOEP","Non-Employee","N1","Inactive Full Time","17","DEATH"
56,"RETR","Retired","N1","Inactive Full Time","17","DEATH"
57,"RVPK","River Parks","T3","Terminated Temporary","17","DEATH"
58,"RETR","Retired","T1","Terminated Full Time","18","OTHER"
59,"RETR","Retired"," 1","Full Time","18","OTHER"
60,"RVPK","River Parks"," 1","Full Time","18","OTHER"
61,"RVPK","River Parks"," 2","Part Time","18","OTHER"
62,"TERM","Terminated","T3","Terminated Temporary","18","OTHER"
63,"CITY","City Employee"," 2","Part Time","18","OTHER"
64,"CITY","City Employee","T1","Terminated Full Time","18","OTHER"
65,"INCG","Indian Nation Council of Governments"," 3","Temporary","18","OTHER"
66,"RERF","Refund from Pension","T1","Terminated Full Time","18","OTHER"
67,"TERM","Terminated","T1","Terminated Full Time","18","OTHER"
68,"NOEP","Non-Employee","T1","Terminated Full Time","18","OTHER"
69,"EMSA","Emergency Medical Services Authority"," 1","Full Time","18","OTHER"
70,"RERF","Refund from Pension","P1","Passed on Full Time","18","OTHER"
71,"TERM","Terminated","P3","Passed on Temporary","18","OTHER"
72,"CITY","City Employee","T3","Terminated Temporary","18","OTHER"
73,"INCG","Indian Nation Council of Governments"," 1","Full Time","18","OTHER"
74,"INCG","Indian Nation Council of Governments","T1","Terminated Full Time","18","OTHER"
75,"RETR","Retired","N2","Inactive Part Time","18","OTHER"
76,"TERM","Terminated","T2","Terminated Part Time","18","OTHER"
77,"TERM","Terminated","P2","Passed on Part Time","18","OTHER"
78,"TERM","Terminated","N1","Inactive Full Time","18","OTHER"
79,"CITY","City Employee","P1","Passed on Full Time","18","OTHER"
80,"NOEP","Non-Employee","P1","Passed on Full Time","18","OTHER"
81,"RETR","Retired","P1","Passed on Full Time","18","OTHER"
82,"CITY","City Employee"," 3","Temporary","18","OTHER"
83,"CITY","City Employee","T2","Terminated Part Time","18","OTHER"
84,"CITY","City Employee","P2","Passed on Part Time","18","OTHER"
85,"EMSA","Emergency Medical Services Authority"," 3","Temporary","18","OTHER"
86,"RERF","Refund from Pension","N1","Inactive Full Time","18","OTHER"
87,"RVPK","River Parks"," 3","Temporary","18","OTHER"
88,"TERM","Terminated","P1","Passed on Full Time","18","OTHER"
89,"CITY","City Employee"," 1","Full Time","18","OTHER"
90,"CITY","City Employee","N1","Inactive Full Time","18","OTHER"
91,"COBR","Cobra","T1","Terminated Full Time","18","OTHER"
92,"EMSA","Emergency Medical Services Authority","T1","Terminated Full Time","18","OTHER"
93,"RETR","Retired","T2","Terminated Part Time","18","OTHER"
94,"NOEP","Non-Employee","N1","Inactive Full Time","18","OTHER"
95,"RETR","Retired","N1","Inactive Full Time","18","OTHER"
96,"RVPK","River Parks","T3","Terminated Temporary","18","OTHER"
97,"RETR","Retired","T1","Terminated Full Time","10","RESIGNATION"
98,"RETR","Retired"," 1","Full Time","10","RESIGNATION"
99,"RVPK","River Parks"," 1","Full Time","10","RESIGNATION"
100,"RVPK","River Parks"," 2","Part Time","10","RESIGNATION"
101,"TERM","Terminated","T3","Terminated Temporary","10","RESIGNATION"
102,"CITY","City Employee"," 2","Part Time","10","RESIGNATION"
103,"CITY","City Employee","T1","Terminated Full Time","10","RESIGNATION"
104,"INCG","Indian Nation Council of Governments"," 3","Temporary","10","RESIGNATION"
105,"RERF","Refund from Pension","T1","Terminated Full Time","10","RESIGNATION"
106,"TERM","Terminated","T1","Terminated Full Time","10","RESIGNATION"
107,"NOEP","Non-Employee","T1","Terminated Full Time","10","RESIGNATION"
108,"EMSA","Emergency Medical Services Authority"," 1","Full Time","10","RESIGNATION"
109,"RERF","Refund from Pension","P1","Passed on Full Time","10","RESIGNATION"
110,"TERM","Terminated","P3","Passed on Temporary","10","RESIGNATION"
111,"CITY","City Employee","T3","Terminated Temporary","10","RESIGNATION"
112,"INCG","Indian Nation Council of Governments"," 1","Full Time","10","RESIGNATION"
113,"INCG","Indian Nation Council of Governments","T1","Terminated Full Time","10","RESIGNATION"
114,"RETR","Retired","N2","Inactive Part Time","10","RESIGNATION"
115,"TERM","Terminated","T2","Terminated Part Time","10","RESIGNATION"
116,"TERM","Terminated","P2","Passed on Part Time","10","RESIGNATION"
117,"TERM","Terminated","N1","Inactive Full Time","10","RESIGNATION"
118,"CITY","City Employee","P1","Passed on Full Time","10","RESIGNATION"
119,"NOEP","Non-Employee","P1","Passed on Full Time","10","RESIGNATION"
120,"RETR","Retired","P1","Passed on Full Time","10","RESIGNATION"
121,"CITY","City Employee"," 3","Temporary","10","RESIGNATION"
122,"CITY","City Employee","T2","Terminated Part Time","10","RESIGNATION"
123,"CITY","City Employee","P2","Passed on Part Time","10","RESIGNATION"
124,"EMSA","Emergency Medical Services Authority"," 3","Temporary","10","RESIGNATION"
125,"RERF","Refund from Pension","N1","Inactive Full Time","10","RESIGNATION"
126,"RVPK","River Parks"," 3","Temporary","10","RESIGNATION"
127,"TERM","Terminated","P1","Passed on Full Time","10","RESIGNATION"
128,"CITY","City Employee"," 1","Full Time","10","RESIGNATION"
129,"CITY","City Employee","N1","Inactive Full Time","10","RESIGNATION"
130,"COBR","Cobra","T1","Terminated Full Time","10","RESIGNATION"
131,"EMSA","Emergency Medical Services Authority","T1","Terminated Full Time","10","RESIGNATION"
132,"RETR","Retired","T2","Terminated Part Time","10","RESIGNATION"
133,"NOEP","Non-Employee","N1","Inactive Full Time","10","RESIGNATION"
134,"RERF","Refund from Pension","T1","Terminated Full Time","13","UNSATISFACTORY SVC"
135,"TERM","Terminated","T1","Terminated Full Time","13","UNSATISFACTORY SVC"
136,"NOEP","Non-Employee","T1","Terminated Full Time","13","UNSATISFACTORY SVC"
137,"EMSA","Emergency Medical Services Authority"," 1","Full Time","13","UNSATISFACTORY SVC"
138,"RERF","Refund from Pension","P1","Passed on Full Time","13","UNSATISFACTORY SVC"
139,"TERM","Terminated","P3","Passed on Temporary","13","UNSATISFACTORY SVC"
140,"CITY","City Employee","T3","Terminated Temporary","13","UNSATISFACTORY SVC"
141,"INCG","Indian Nation Council of Governments"," 1","Full Time","13","UNSATISFACTORY SVC"
142,"INCG","Indian Nation Council of Governments","T1","Terminated Full Time","13","UNSATISFACTORY SVC"
143,"RETR","Retired","N2","Inactive Part Time","13","UNSATISFACTORY SVC"
144,"TERM","Terminated","T2","Terminated Part Time","13","UNSATISFACTORY SVC"
145,"TERM","Terminated","P2","Passed on Part Time","13","UNSATISFACTORY SVC"
146,"TERM","Terminated","N1","Inactive Full Time","13","UNSATISFACTORY SVC"
147,"CITY","City Employee","P1","Passed on Full Time","13","UNSATISFACTORY SVC"
148,"NOEP","Non-Employee","P1","Passed on Full Time","13","UNSATISFACTORY SVC"
149,"RETR","Retired","P1","Passed on Full Time","13","UNSATISFACTORY SVC"
150,"CITY","City Employee"," 3","Temporary","13","UNSATISFACTORY SVC"
151,"CITY","City Employee","T2","Terminated Part Time","13","UNSATISFACTORY SVC"
152,"CITY","City Employee","P2","Passed on Part Time","13","UNSATISFACTORY SVC"
153,"EMSA","Emergency Medical Services Authority"," 3","Temporary","13","UNSATISFACTORY SVC"
154,"RERF","Refund from Pension","N1","Inactive Full Time","13","UNSATISFACTORY SVC"
155,"RVPK","River Parks"," 3","Temporary","13","UNSATISFACTORY SVC"
156,"TERM","Terminated","P1","Passed on Full Time","13","UNSATISFACTORY SVC"
157,"CITY","City Employee"," 1","Full Time","13","UNSATISFACTORY SVC"
158,"CITY","City Employee","N1","Inactive Full Time","13","UNSATISFACTORY SVC"
159,"COBR","Cobra","T1","Terminated Full Time","13","UNSATISFACTORY SVC"
160,"EMSA","Emergency Medical Services Authority","T1","Terminated Full Time","13","UNSATISFACTORY SVC"
161,"RETR","Retired","T2","Terminated Part Time","13","UNSATISFACTORY SVC"
162,"NOEP","Non-Employee","N1","Inactive Full Time","13","UNSATISFACTORY SVC"
163,"RETR","Retired","N1","Inactive Full Time","13","UNSATISFACTORY SVC"
164,"RVPK","River Parks","T3","Terminated Temporary","13","UNSATISFACTORY SVC"
165,"RETR","Retired","T1","Terminated Full Time","15","DISABILITY"
166,"RETR","Retired"," 1","Full Time","15","DISABILITY"
167,"RVPK","River Parks"," 1","Full Time","15","DISABILITY"
168,"RVPK","River Parks"," 2","Part Time","15","DISABILITY"
169,"TERM","Terminated","T3","Terminated Temporary","15","DISABILITY"
170,"CITY","City Employee"," 2","Part Time","15","DISABILITY"
171,"CITY","City Employee","T1","Terminated Full Time","15","DISABILITY"
172,"INCG","Indian Nation Council of Governments"," 3","Temporary","15","DISABILITY"
173,"RERF","Refund from Pension","T1","Terminated Full Time","15","DISABILITY"
174,"TERM","Terminated","T1","Terminated Full Time","15","DISABILITY"
175,"NOEP","Non-Employee","T1","Terminated Full Time","15","DISABILITY"
176,"EMSA","Emergency Medical Services Authority"," 1","Full Time","15","DISABILITY"
177,"RERF","Refund from Pension","P1","Passed on Full Time","15","DISABILITY"
178,"TERM","Terminated","P3","Passed on Temporary","15","DISABILITY"
179,"CITY","City Employee","T3","Terminated Temporary","15","DISABILITY"
180,"RETR","Retired","N1","Inactive Full Time","10","RESIGNATION"
181,"RVPK","River Parks","T3","Terminated Temporary","10","RESIGNATION"
182,"RETR","Retired","T1","Terminated Full Time","11","LAY-OFF"
183,"RETR","Retired"," 1","Full Time","11","LAY-OFF"
184,"RVPK","River Parks"," 1","Full Time","11","LAY-OFF"
185,"RVPK","River Parks"," 2","Part Time","11","LAY-OFF"
186,"TERM","Terminated","T3","Terminated Temporary","11","LAY-OFF"
187,"CITY","City Employee"," 2","Part Time","11","LAY-OFF"
188,"CITY","City Employee","T1","Terminated Full Time","11","LAY-OFF"
189,"INCG","Indian Nation Council of Governments"," 3","Temporary","11","LAY-OFF"
190,"RERF","Refund from Pension","T1","Terminated Full Time","11","LAY-OFF"
191,"TERM","Terminated","T1","Terminated Full Time","11","LAY-OFF"
192,"NOEP","Non-Employee","T1","Terminated Full Time","11","LAY-OFF"
193,"EMSA","Emergency Medical Services Authority"," 1","Full Time","11","LAY-OFF"
194,"RERF","Refund from Pension","P1","Passed on Full Time","11","LAY-OFF"
1,"RETR","Retired","T1","Terminated Full Time","",""
2,"RETR","Retired"," 1","Full Time","",""
3,"RVPK","River Parks"," 1","Full Time","",""
4,"RVPK","River Parks"," 2","Part Time","",""
5,"TERM","Terminated","T3","Terminated Temporary","",""
6,"CITY","City Employee"," 2","Part Time","",""
7,"CITY","City Employee","T1","Terminated Full Time","",""
8,"INCG","Indian Nation Council of Governments"," 3","Temporary","",""
9,"RERF","Refund from Pension","T1","Terminated Full Time","",""
10,"TERM","Terminated","T1","Terminated Full Time","",""
11,"NOEP","Non-Employee","T1","Terminated Full Time","",""
12,"EMSA","Emergency Medical Services Authority"," 1","Full Time","",""
13,"RERF","Refund from Pension","P1","Passed on Full Time","",""
14,"TERM","Terminated","P3","Passed on Temporary","",""
15,"CITY","City Employee","T3","Terminated Temporary","",""
16,"INCG","Indian Nation Council of Governments"," 1","Full Time","",""
17,"INCG","Indian Nation Council of Governments","T1","Terminated Full Time","",""
18,"RETR","Retired","N2","Inactive Part Time","",""
19,"TERM","Terminated","T2","Terminated Part Time","",""
20,"TERM","Terminated","P2","Passed on Part Time","",""
21,"TERM","Terminated","N1","Inactive Full Time","",""
22,"CITY","City Employee","P1","Passed on Full Time","",""
23,"NOEP","Non-Employee","P1","Passed on Full Time","",""
24,"RETR","Retired","P1","Passed on Full Time","",""
25,"CITY","City Employee"," 3","Temporary","",""
26,"CITY","City Employee","T2","Terminated Part Time","",""
27,"CITY","City Employee","P2","Passed on Part Time","",""
28,"EMSA","Emergency Medical Services Authority"," 3","Temporary","",""
29,"RERF","Refund from Pension","N1","Inactive Full Time","",""
30,"RVPK","River Parks"," 3","Temporary","",""
31,"TERM","Terminated","P1","Passed on Full Time","",""
32,"CITY","City Employee"," 1","Full Time","",""
33,"CITY","City Employee","N1","Inactive Full Time","",""
34,"COBR","Cobra","T1","Terminated Full Time","",""
35,"EMSA","Emergency Medical Services Authority","T1","Terminated Full Time","",""
36,"RETR","Retired","T2","Terminated Part Time","",""
37,"NOEP","Non-Employee","N1","Inactive Full Time","",""
38,"RETR","Retired","N1","Inactive Full Time","",""
39,"RVPK","River Parks","T3","Terminated Temporary","",""
195,"TERM","Terminated","P3","Passed on Temporary","11","LAY-OFF"
196,"CITY","City Employee","T3","Terminated Temporary","11","LAY-OFF"
197,"INCG","Indian Nation Council of Governments"," 1","Full Time","11","LAY-OFF"
198,"INCG","Indian Nation Council of Governments","T1","Terminated Full Time","11","LAY-OFF"
199,"RETR","Retired","N2","Inactive Part Time","11","LAY-OFF"
200,"TERM","Terminated","T2","Terminated Part Time","11","LAY-OFF"
201,"TERM","Terminated","P2","Passed on Part Time","11","LAY-OFF"
202,"TERM","Terminated","N1","Inactive Full Time","11","LAY-OFF"
203,"CITY","City Employee","P1","Passed on Full Time","11","LAY-OFF"
204,"NOEP","Non-Employee","P1","Passed on Full Time","11","LAY-OFF"
205,"RETR","Retired","P1","Passed on Full Time","11","LAY-OFF"
206,"CITY","City Employee"," 3","Temporary","11","LAY-OFF"
207,"CITY","City Employee","T2","Terminated Part Time","11","LAY-OFF"
208,"CITY","City Employee","P2","Passed on Part Time","11","LAY-OFF"
209,"EMSA","Emergency Medical Services Authority"," 3","Temporary","11","LAY-OFF"
210,"RERF","Refund from Pension","N1","Inactive Full Time","11","LAY-OFF"
211,"RVPK","River Parks"," 3","Temporary","11","LAY-OFF"
212,"TERM","Terminated","P1","Passed on Full Time","11","LAY-OFF"
213,"CITY","City Employee"," 1","Full Time","11","LAY-OFF"
214,"CITY","City Employee","N1","Inactive Full Time","11","LAY-OFF"
215,"COBR","Cobra","T1","Terminated Full Time","11","LAY-OFF"
216,"EMSA","Emergency Medical Services Authority","T1","Terminated Full Time","11","LAY-OFF"
217,"RETR","Retired","T2","Terminated Part Time","11","LAY-OFF"
218,"NOEP","Non-Employee","N1","Inactive Full Time","11","LAY-OFF"
219,"RETR","Retired","N1","Inactive Full Time","11","LAY-OFF"
220,"RVPK","River Parks","T3","Terminated Temporary","11","LAY-OFF"
221,"RETR","Retired","T1","Terminated Full Time","12","DISMISSAL"
222,"RETR","Retired"," 1","Full Time","12","DISMISSAL"
223,"RVPK","River Parks"," 1","Full Time","12","DISMISSAL"
224,"RVPK","River Parks"," 2","Part Time","12","DISMISSAL"
225,"TERM","Terminated","T3","Terminated Temporary","12","DISMISSAL"
226,"CITY","City Employee"," 2","Part Time","12","DISMISSAL"
227,"CITY","City Employee","T1","Terminated Full Time","12","DISMISSAL"
228,"INCG","Indian Nation Council of Governments"," 3","Temporary","12","DISMISSAL"
229,"RERF","Refund from Pension","T1","Terminated Full Time","12","DISMISSAL"
230,"TERM","Terminated","T1","Terminated Full Time","12","DISMISSAL"
231,"NOEP","Non-Employee","T1","Terminated Full Time","12","DISMISSAL"
232,"EMSA","Emergency Medical Services Authority"," 1","Full Time","12","DISMISSAL"
233,"RERF","Refund from Pension","P1","Passed on Full Time","12","DISMISSAL"
234,"TERM","Terminated","P3","Passed on Temporary","12","DISMISSAL"
235,"CITY","City Employee","T3","Terminated Temporary","12","DISMISSAL"
236,"INCG","Indian Nation Council of Governments"," 1","Full Time","12","DISMISSAL"
237,"INCG","Indian Nation Council of Governments","T1","Terminated Full Time","12","DISMISSAL"
238,"RETR","Retired","N2","Inactive Part Time","12","DISMISSAL"
239,"TERM","Terminated","T2","Terminated Part Time","12","DISMISSAL"
240,"TERM","Terminated","P2","Passed on Part Time","12","DISMISSAL"
-1,"UNKW","Unknown","UNKW","Unknown","",""
241,"TERM","Terminated","N1","Inactive Full Time","12","DISMISSAL"
242,"CITY","City Employee","P1","Passed on Full Time","12","DISMISSAL"
243,"NOEP","Non-Employee","P1","Passed on Full Time","12","DISMISSAL"
244,"RETR","Retired","P1","Passed on Full Time","12","DISMISSAL"
245,"CITY","City Employee"," 3","Temporary","12","DISMISSAL"
246,"CITY","City Employee","T2","Terminated Part Time","12","DISMISSAL"
247,"CITY","City Employee","P2","Passed on Part Time","12","DISMISSAL"
248,"EMSA","Emergency Medical Services Authority"," 3","Temporary","12","DISMISSAL"
249,"RERF","Refund from Pension","N1","Inactive Full Time","12","DISMISSAL"
250,"RVPK","River Parks"," 3","Temporary","12","DISMISSAL"
251,"TERM","Terminated","P1","Passed on Full Time","12","DISMISSAL"
252,"CITY","City Employee"," 1","Full Time","12","DISMISSAL"
253,"CITY","City Employee","N1","Inactive Full Time","12","DISMISSAL"
254,"COBR","Cobra","T1","Terminated Full Time","12","DISMISSAL"
255,"EMSA","Emergency Medical Services Authority","T1","Terminated Full Time","12","DISMISSAL"
256,"RETR","Retired","T2","Terminated Part Time","12","DISMISSAL"
257,"NOEP","Non-Employee","N1","Inactive Full Time","12","DISMISSAL"
258,"RETR","Retired","N1","Inactive Full Time","12","DISMISSAL"
259,"RVPK","River Parks","T3","Terminated Temporary","12","DISMISSAL"
260,"RETR","Retired","T1","Terminated Full Time","13","UNSATISFACTORY SVC"
261,"RETR","Retired"," 1","Full Time","13","UNSATISFACTORY SVC"
262,"RVPK","River Parks"," 1","Full Time","13","UNSATISFACTORY SVC"
263,"RVPK","River Parks"," 2","Part Time","13","UNSATISFACTORY SVC"
264,"TERM","Terminated","T3","Terminated Temporary","13","UNSATISFACTORY SVC"
265,"CITY","City Employee"," 2","Part Time","13","UNSATISFACTORY SVC"
266,"CITY","City Employee","T1","Terminated Full Time","13","UNSATISFACTORY SVC"
267,"INCG","Indian Nation Council of Governments"," 3","Temporary","13","UNSATISFACTORY SVC"
268,"INCG","Indian Nation Council of Governments"," 1","Full Time","15","DISABILITY"
269,"INCG","Indian Nation Council of Governments","T1","Terminated Full Time","15","DISABILITY"
270,"RETR","Retired","N2","Inactive Part Time","15","DISABILITY"
271,"TERM","Terminated","T2","Terminated Part Time","15","DISABILITY"
272,"TERM","Terminated","P2","Passed on Part Time","15","DISABILITY"
273,"TERM","Terminated","N1","Inactive Full Time","15","DISABILITY"
274,"CITY","City Employee","P1","Passed on Full Time","15","DISABILITY"
275,"NOEP","Non-Employee","P1","Passed on Full Time","15","DISABILITY"
276,"RETR","Retired","P1","Passed on Full Time","15","DISABILITY"
277,"CITY","City Employee"," 3","Temporary","15","DISABILITY"
278,"CITY","City Employee","T2","Terminated Part Time","15","DISABILITY"
279,"CITY","City Employee","P2","Passed on Part Time","15","DISABILITY"
280,"EMSA","Emergency Medical Services Authority"," 3","Temporary","15","DISABILITY"
281,"RERF","Refund from Pension","N1","Inactive Full Time","15","DISABILITY"
282,"RVPK","River Parks"," 3","Temporary","15","DISABILITY"
283,"TERM","Terminated","P1","Passed on Full Time","15","DISABILITY"
284,"CITY","City Employee"," 1","Full Time","15","DISABILITY"
285,"CITY","City Employee","N1","Inactive Full Time","15","DISABILITY"
286,"COBR","Cobra","T1","Terminated Full Time","15","DISABILITY"
287,"EMSA","Emergency Medical Services Authority","T1","Terminated Full Time","15","DISABILITY"
288,"RETR","Retired","T2","Terminated Part Time","15","DISABILITY"
289,"NOEP","Non-Employee","N1","Inactive Full Time","15","DISABILITY"
290,"RETR","Retired","N1","Inactive Full Time","15","DISABILITY"
291,"RVPK","River Parks","T3","Terminated Temporary","15","DISABILITY"
292,"RETR","Retired","T1","Terminated Full Time","16","RETIREMENT"
293,"RETR","Retired"," 1","Full Time","16","RETIREMENT"
294,"RVPK","River Parks"," 1","Full Time","16","RETIREMENT"
295,"RVPK","River Parks"," 2","Part Time","16","RETIREMENT"
296,"TERM","Terminated","T3","Terminated Temporary","16","RETIREMENT"
297,"CITY","City Employee"," 2","Part Time","16","RETIREMENT"
298,"CITY","City Employee","T1","Terminated Full Time","16","RETIREMENT"
299,"INCG","Indian Nation Council of Governments"," 3","Temporary","16","RETIREMENT"
300,"RERF","Refund from Pension","T1","Terminated Full Time","16","RETIREMENT"
301,"TERM","Terminated","T1","Terminated Full Time","16","RETIREMENT"
302,"NOEP","Non-Employee","T1","Terminated Full Time","16","RETIREMENT"
303,"EMSA","Emergency Medical Services Authority"," 1","Full Time","16","RETIREMENT"
304,"RERF","Refund from Pension","P1","Passed on Full Time","16","RETIREMENT"
305,"TERM","Terminated","P3","Passed on Temporary","16","RETIREMENT"
306,"CITY","City Employee","T3","Terminated Temporary","16","RETIREMENT"
307,"INCG","Indian Nation Council of Governments"," 1","Full Time","16","RETIREMENT"
308,"INCG","Indian Nation Council of Governments","T1","Terminated Full Time","16","RETIREMENT"
309,"RETR","Retired","N2","Inactive Part Time","16","RETIREMENT"
310,"TERM","Terminated","T2","Terminated Part Time","16","RETIREMENT"
311,"TERM","Terminated","P2","Passed on Part Time","16","RETIREMENT"
312,"TERM","Terminated","N1","Inactive Full Time","16","RETIREMENT"
313,"CITY","City Employee","P1","Passed on Full Time","16","RETIREMENT"
314,"NOEP","Non-Employee","P1","Passed on Full Time","16","RETIREMENT"
315,"RETR","Retired","P1","Passed on Full Time","16","RETIREMENT"
316,"CITY","City Employee"," 3","Temporary","16","RETIREMENT"
398,"CIPD","City Employee PD","P1","Passed on Full Time","",""
399,"CIPD","City Employee PD"," 3","Temporary","",""
400,"CIPD","City Employee PD","T2","Terminated Part Time","",""
401,"CIPD","City Employee PD","P2","Passed on Part Time","",""
402,"CIPD","City Employee PD"," 1","Full Time","",""
403,"CIPD","City Employee PD","N1","Inactive Full Time","",""
404,"CIPD","City Employee PD","T3","Terminated Temporary","11","LAY-OFF"
405,"CIPD","City Employee PD","P1","Passed on Full Time","11","LAY-OFF"
406,"CIPD","City Employee PD"," 3","Temporary","11","LAY-OFF"
407,"CIPD","City Employee PD","T2","Terminated Part Time","11","LAY-OFF"
408,"CIPD","City Employee PD","P2","Passed on Part Time","11","LAY-OFF"
409,"CIPD","City Employee PD"," 1","Full Time","11","LAY-OFF"
410,"CIPD","City Employee PD","N1","Inactive Full Time","11","LAY-OFF"
411,"CIPD","City Employee PD"," 2","Part Time","12","DISMISSAL"
412,"CIPD","City Employee PD","T1","Terminated Full Time","12","DISMISSAL"
413,"CIPD","City Employee PD","T3","Terminated Temporary","12","DISMISSAL"
414,"CIPD","City Employee PD","P1","Passed on Full Time","12","DISMISSAL"
415,"CIPD","City Employee PD"," 3","Temporary","12","DISMISSAL"
416,"CIPD","City Employee PD","T2","Terminated Part Time","12","DISMISSAL"
417,"CIPD","City Employee PD","P2","Passed on Part Time","12","DISMISSAL"
418,"CIPD","City Employee PD"," 1","Full Time","12","DISMISSAL"
419,"CIPD","City Employee PD","N1","Inactive Full Time","12","DISMISSAL"
420,"CIPD","City Employee PD"," 2","Part Time","13","UNSATISFACTORY SVC"
421,"CIPD","City Employee PD","T1","Terminated Full Time","13","UNSATISFACTORY SVC"
422,"CIPD","City Employee PD","P1","Passed on Full Time","15","DISABILITY"
423,"CIPD","City Employee PD"," 3","Temporary","15","DISABILITY"
424,"CIPD","City Employee PD","T2","Terminated Part Time","15","DISABILITY"
425,"CIPD","City Employee PD","P2","Passed on Part Time","15","DISABILITY"
426,"CIPD","City Employee PD"," 1","Full Time","15","DISABILITY"
427,"CIPD","City Employee PD","N1","Inactive Full Time","15","DISABILITY"
428,"CIPD","City Employee PD"," 2","Part Time","16","RETIREMENT"
429,"CIPD","City Employee PD","T1","Terminated Full Time","16","RETIREMENT"
430,"CIPD","City Employee PD","T3","Terminated Temporary","16","RETIREMENT"
431,"CIPD","City Employee PD","P1","Passed on Full Time","16","RETIREMENT"
432,"CIPD","City Employee PD"," 3","Temporary","16","RETIREMENT"
433,"CIFD","City Employee FD","T2","Terminated Part Time","16","RETIREMENT"
434,"CIFD","City Employee FD","P2","Passed on Part Time","16","RETIREMENT"
435,"CIFD","City Employee FD"," 1","Full Time","16","RETIREMENT"
436,"CIFD","City Employee FD","N1","Inactive Full Time","16","RETIREMENT"
437,"CIFD","City Employee FD"," 2","Part Time","17","DEATH"
438,"CIFD","City Employee FD","T1","Terminated Full Time","17","DEATH"
439,"CIFD","City Employee FD","T3","Terminated Temporary","17","DEATH"
440,"CIFD","City Employee FD","P1","Passed on Full Time","17","DEATH"
441,"CIFD","City Employee FD"," 3","Temporary","17","DEATH"
442,"CIFD","City Employee FD","T2","Terminated Part Time","17","DEATH"
443,"CIFD","City Employee FD","P2","Passed on Part Time","17","DEATH"
444,"CIFD","City Employee FD"," 1","Full Time","17","DEATH"
445,"CIFD","City Employee FD","N1","Inactive Full Time","17","DEATH"
446,"CIFD","City Employee FD"," 2","Part Time","18","OTHER"
447,"CIFD","City Employee FD","T1","Terminated Full Time","18","OTHER"
448,"CIFD","City Employee FD","T3","Terminated Temporary","18","OTHER"
449,"CIFD","City Employee FD","P1","Passed on Full Time","18","OTHER"
450,"CIFD","City Employee FD"," 3","Temporary","18","OTHER"
451,"CIFD","City Employee FD","T2","Terminated Part Time","18","OTHER"
452,"CIFD","City Employee FD","P2","Passed on Part Time","18","OTHER"
453,"CIFD","City Employee FD"," 1","Full Time","18","OTHER"
454,"CIFD","City Employee FD","N1","Inactive Full Time","18","OTHER"
455,"CIFD","City Employee FD"," 2","Part Time","10","RESIGNATION"
456,"CIFD","City Employee FD","T1","Terminated Full Time","10","RESIGNATION"
457,"CIFD","City Employee FD","T3","Terminated Temporary","10","RESIGNATION"
458,"CIFD","City Employee FD","P1","Passed on Full Time","10","RESIGNATION"
459,"CIFD","City Employee FD"," 3","Temporary","10","RESIGNATION"
460,"CIFD","City Employee FD","T2","Terminated Part Time","10","RESIGNATION"
461,"CIFD","City Employee FD","P2","Passed on Part Time","10","RESIGNATION"
462,"CIFD","City Employee FD"," 1","Full Time","10","RESIGNATION"
463,"CIFD","City Employee FD","N1","Inactive Full Time","10","RESIGNATION"
464,"CIFD","City Employee FD","T3","Terminated Temporary","13","UNSATISFACTORY SVC"
465,"CIFD","City Employee FD","P1","Passed on Full Time","13","UNSATISFACTORY SVC"
466,"CIFD","City Employee FD"," 3","Temporary","13","UNSATISFACTORY SVC"
467,"CIFD","City Employee FD","T2","Terminated Part Time","13","UNSATISFACTORY SVC"
468,"CIFD","City Employee FD","P2","Passed on Part Time","13","UNSATISFACTORY SVC"
469,"CIFD","City Employee FD"," 1","Full Time","13","UNSATISFACTORY SVC"
470,"CIFD","City Employee FD","N1","Inactive Full Time","13","UNSATISFACTORY SVC"
471,"CIFD","City Employee FD"," 2","Part Time","15","DISABILITY"
472,"CIFD","City Employee FD","T1","Terminated Full Time","15","DISABILITY"
473,"CIFD","City Employee FD","T3","Terminated Temporary","15","DISABILITY"
474,"CIFD","City Employee FD"," 2","Part Time","11","LAY-OFF"
475,"CIFD","City Employee FD","T1","Terminated Full Time","11","LAY-OFF"
476,"CIFD","City Employee FD"," 2","Part Time","",""
477,"CIFD","City Employee FD","T1","Terminated Full Time","",""
478,"CIFD","City Employee FD","T3","Terminated Temporary","",""
479,"CIFD","City Employee FD","P1","Passed on Full Time","",""
480,"CIFD","City Employee FD"," 3","Temporary","",""
481,"CIFD","City Employee FD","T2","Terminated Part Time","",""
482,"CIFD","City Employee FD","P2","Passed on Part Time","",""
483,"CIFD","City Employee FD"," 1","Full Time","",""
484,"CIFD","City Employee FD","N1","Inactive Full Time","",""
485,"CIFD","City Employee FD","T3","Terminated Temporary","11","LAY-OFF"
486,"CIFD","City Employee FD","P1","Passed on Full Time","11","LAY-OFF"
487,"CIFD","City Employee FD"," 3","Temporary","11","LAY-OFF"
488,"CIFD","City Employee FD","T2","Terminated Part Time","11","LAY-OFF"
489,"CIFD","City Employee FD","P2","Passed on Part Time","11","LAY-OFF"
490,"CIFD","City Employee FD"," 1","Full Time","11","LAY-OFF"
491,"CIFD","City Employee FD","N1","Inactive Full Time","11","LAY-OFF"
492,"CIFD","City Employee FD"," 2","Part Time","12","DISMISSAL"
493,"CIFD","City Employee FD","T1","Terminated Full Time","12","DISMISSAL"
494,"CIFD","City Employee FD","T3","Terminated Temporary","12","DISMISSAL"
495,"CIFD","City Employee FD","P1","Passed on Full Time","12","DISMISSAL"
496,"CIFD","City Employee FD"," 3","Temporary","12","DISMISSAL"
497,"CIFD","City Employee FD","T2","Terminated Part Time","12","DISMISSAL"
498,"CIFD","City Employee FD","P2","Passed on Part Time","12","DISMISSAL"
499,"CIFD","City Employee FD"," 1","Full Time","12","DISMISSAL"
500,"CIFD","City Employee FD","N1","Inactive Full Time","12","DISMISSAL"
501,"CIFD","City Employee FD"," 2","Part Time","13","UNSATISFACTORY SVC"
502,"CIFD","City Employee FD","T1","Terminated Full Time","13","UNSATISFACTORY SVC"
503,"CIFD","City Employee FD","P1","Passed on Full Time","15","DISABILITY"
504,"CIFD","City Employee FD"," 3","Temporary","15","DISABILITY"
505,"CIFD","City Employee FD","T2","Terminated Part Time","15","DISABILITY"
506,"CIFD","City Employee FD","P2","Passed on Part Time","15","DISABILITY"
507,"CIFD","City Employee FD"," 1","Full Time","15","DISABILITY"
508,"CIFD","City Employee FD","N1","Inactive Full Time","15","DISABILITY"
509,"CIFD","City Employee FD"," 2","Part Time","16","RETIREMENT"
510,"CIFD","City Employee FD","T1","Terminated Full Time","16","RETIREMENT"
511,"CIFD","City Employee FD","T3","Terminated Temporary","16","RETIREMENT"
512,"CIFD","City Employee FD","P1","Passed on Full Time","16","RETIREMENT"
513,"CIFD","City Employee FD"," 3","Temporary","16","RETIREMENT"
